episode,reward,pg_loss,explore_std,alpha,val_reward
1,398.0,-0.00795491558407472,0.09999999680245637,0.9999063014984131,nan
2,255.0,-0.005275451257757689,0.09981962911850421,0.9999080896377563,nan
3,541.0,-0.010945638497408558,0.0996392779329821,0.9998989105224609,nan
4,203.0,-0.004130045992496889,0.09945892062018806,0.9998949766159058,nan
5,287.0,-0.005900065414607525,0.0992785583941363,0.99989914894104,nan
6,263.0,-0.005350748923471353,0.09909819246669073,0.9999008178710938,nan
7,306.0,-0.006291118977395327,0.0989178240475526,0.9999080896377563,nan
8,234.0,-0.00467936215136433,0.09873747788509475,0.9999048709869385,nan
9,222.0,-0.0045304450148850985,0.09855710805996035,0.9999079704284668,nan
10,370.0,-0.007486979545016463,0.09837676281398518,0.9999068975448608,283.0
11,303.0,-0.006144206170574762,0.09819639639540567,0.9999103546142578,nan
12,196.0,-0.004069010690727737,0.09801603350077709,0.9999130964279175,nan
13,310.0,-0.006241946350351053,0.09783567532657124,0.9999151229858398,nan
14,306.0,-0.0061848962638274925,0.09765529978417248,0.99991774559021,nan
15,310.0,-0.006306966416256425,0.09747495467422591,0.9999189376831055,nan
16,301.0,-0.006080863748907505,0.09729459466374554,0.9999133348464966,nan
17,189.0,-0.0038655599043219504,0.09711422106914164,0.9999183416366577,nan
18,282.0,-0.0057576499627127005,0.09693385831536201,0.9999164342880249,nan
19,208.0,-0.004168009156236406,0.09675350758520401,0.9999146461486816,nan
20,314.0,-0.006368001685283768,0.09657314703431079,0.9999115467071533,283.0
21,238.0,-0.0048324746984662005,0.09639277796982387,0.9999165534973145,nan
22,260.0,-0.005269368656930358,0.09621242463536393,0.9999134540557861,nan
23,352.0,-0.007067494217988066,0.09603206530852844,0.9999139308929443,nan
24,239.0,-0.004882812854096604,0.09585170128936965,0.9999172687530518,nan
25,196.0,-0.00394652092459698,0.09567133387555074,0.999915599822998,nan
26,279.0,-0.005635579730248234,0.09549098712915448,0.9999148845672607,nan
27,352.0,-0.007127899868586629,0.09531061676637459,0.9999178647994995,nan
28,314.0,-0.006393914685682639,0.0951302695682704,0.999923586845398,nan
29,215.0,-0.00437418649138029,0.094949901418164,0.9999268054962158,nan
30,293.0,-0.005939916562356208,0.09476953632538877,0.9999302625656128,283.0
31,201.0,-0.00410970065422589,0.09458917557298112,0.9999316930770874,nan
32,227.0,-0.004516601826859794,0.09440882044149142,0.9999290704727173,nan
33,350.0,-0.007107764330078108,0.09422844974315467,0.9999313354492188,nan
34,236.0,-0.004740397211814222,0.09404808730532246,0.9999319314956665,nan
35,229.0,-0.0047116627707866204,0.09386773440099913,0.9999346733093262,nan
36,249.0,-0.0050252278803479085,0.09368736996383561,0.999935507774353,nan
37,203.0,-0.004170735752268229,0.09350701768454636,0.9999359846115112,nan
38,345.0,-0.00696681739075935,0.09332665657765155,0.9999321699142456,nan
39,284.0,-0.005777995048750502,0.09314628803489461,0.9999359846115112,nan
40,315.0,-0.006368001697410364,0.09296593561022055,0.9999337196350098,283.0
41,272.0,-0.005472819086814222,0.0927855784393426,0.9999357461929321,nan
42,273.0,-0.00563557986364079,0.09260521790614717,0.9999333620071411,nan
43,338.0,-0.006754557443249117,0.09242485539187176,0.999934196472168,nan
44,347.0,-0.007141113669301073,0.09224449227508888,0.9999370574951172,nan
45,287.0,-0.005859375173410323,0.09206412993169044,0.9999380111694336,nan
46,205.0,-0.004147873786950158,0.09188376973487182,0.9999382495880127,nan
47,375.0,-0.007609049594369329,0.09170341305511633,0.9999359846115112,nan
48,286.0,-0.005738563405964332,0.09152303943938393,0.9999372959136963,nan
49,253.0,-0.005094233409444005,0.09134269393727602,0.9999405145645142,nan
50,182.0,-0.003824013610076355,0.09116233431245446,0.9999419450759888,283.0
51,463.0,-0.009262242570481043,0.0909819620533956,0.9999421834945679,nan
52,373.0,-0.007409794010058737,0.09080160029457315,0.9999454021453857,nan
53,335.0,-0.006937662988396672,0.09062125038985601,0.9999464750289917,nan
54,267.0,-0.005255316049292607,0.09044089212749949,0.9999431371688843,nan
55,232.0,-0.004821777582643942,0.09026052698470535,0.9999396800994873,nan
56,282.0,-0.005698292749002576,0.09008015643581593,0.9999362230300903,nan
57,311.0,-0.006347656564078837,0.08989980338607682,0.9999338388442993,nan
58,363.0,-0.007288982210796058,0.08971944778427098,0.9999352693557739,nan
59,283.0,-0.0057576498547859956,0.08953906974827278,0.9999350309371948,nan
60,381.0,-0.0075887046502127005,0.08935871347936777,0.9999337196350098,283.0
61,296.0,-0.006121134218644619,0.08917835904655154,0.999932050704956,nan
62,310.0,-0.00624194615232499,0.0889979866878587,0.9999316930770874,nan
63,264.0,-0.00531005895876054,0.08881764033766669,0.9999220371246338,nan
64,249.0,-0.0050338276928367535,0.08863727905225005,0.9999243021011353,nan
65,281.0,-0.005676269962956819,0.08845690440841582,0.9999245405197144,nan
66,233.0,-0.004842122612899402,0.08827656007347147,0.9999213218688965,nan
67,354.0,-0.007087629216425505,0.08809618434881283,0.99991774559021,nan
68,252.0,-0.005074098134970235,0.08791584181338022,0.9999182224273682,nan
69,198.0,-0.004048665510102485,0.08773547102040359,0.999922513961792,nan
70,264.0,-0.005432129289450434,0.08755511540984186,0.9999206066131592,283.0
71,355.0,-0.007087629118012553,0.08737475557921605,0.9999154806137085,nan
72,283.0,-0.005716959897351141,0.08719439308366239,0.9999183416366577,nan
73,287.0,-0.005859375259509155,0.08701402947514456,0.9999167919158936,nan
74,177.0,-0.003621419533980467,0.08683366630243357,0.999919056892395,nan
75,296.0,-0.005939916813189222,0.08665330511108787,0.9999203681945801,nan
76,347.0,-0.007039388291256425,0.08647294744343349,0.9999173879623413,nan
77,239.0,-0.0048928803478646065,0.08629259483854426,0.999915361404419,nan
78,341.0,-0.0068766280164709315,0.08611222830146467,0.9999173879623413,nan
79,292.0,-0.005961100498097949,0.08593186998145974,0.9999157190322876,nan
80,363.0,-0.007329253118590826,0.08575150096296912,0.9999121427536011,283.0
81,302.0,-0.00606072851283879,0.08557114330260429,0.9999098777770996,nan
82,401.0,-0.008097331447061151,0.08539077816411672,0.9999047517776489,nan
83,260.0,-0.005249023604847025,0.08521042751138062,0.9999029636383057,nan
84,285.0,-0.005900065356399864,0.08503005231462706,0.9999021291732788,nan
85,261.0,-0.005235180904435897,0.08484969480365617,0.9998980760574341,nan
86,307.0,-0.0061442063403471065,0.0846693363005852,0.9998979568481445,nan
87,274.0,-0.00565592495695455,0.08448897843981368,0.9998999834060669,nan
88,246.0,-0.005004883193275115,0.08430862285225464,0.9999048709869385,nan
89,283.0,-0.005757650012431744,0.08412825110757201,0.9999082088470459,nan
90,304.0,-0.006164550974062877,0.08394790498811844,0.999908447265625,283.0
91,412.0,-0.008336018352078024,0.08376752606999666,0.999911904335022,nan
92,258.0,-0.005269368980710472,0.08358717601416074,0.9999053478240967,nan
93,251.0,-0.005126953386934474,0.08340681653327908,0.9999052286148071,nan
94,290.0,-0.005818685178383021,0.08322644936587076,0.9998997449874878,nan
95,194.0,-0.003987630479969084,0.0830460960465391,0.9999018907546997,nan
96,297.0,-0.005960052162072784,0.0828657384207511,0.9999055862426758,nan
97,279.0,-0.005696614935004618,0.08268537821601188,0.999909520149231,nan
98,281.0,-0.005617751701514131,0.08250501715610765,0.9999148845672607,nan
99,243.0,-0.004923502965539228,0.08232465696108078,0.9999134540557861,nan
100,246.0,-0.005065918103355216,0.08214427976248052,0.9999139308929443,283.0
101,350.0,-0.006958008152044688,0.08196392648523726,0.9999123811721802,nan
102,201.0,-0.004231771035847487,0.08178355971156681,0.9999154806137085,nan
103,180.0,-0.0037623356439565356,0.08160320073101121,0.9999171495437622,nan
104,244.0,-0.004812339103550257,0.0814228512445207,0.999919056892395,nan
105,347.0,-0.007161458857202281,0.08124249357943247,0.9999194145202637,nan
106,297.0,-0.00602213571134295,0.08106212955788394,0.9999191761016846,nan
107,365.0,-0.00734456408584568,0.08088176099806718,0.999921441078186,nan
108,214.0,-0.004414876411222697,0.08070140895491426,0.9999208450317383,nan
109,236.0,-0.0047810873002163135,0.08052103671421383,0.9999263286590576,nan
110,398.0,-0.008054124148197702,0.08034068452058375,0.9999198913574219,283.0
111,303.0,-0.0060628258434007876,0.0801603158237382,0.9999206066131592,nan
112,313.0,-0.006388346761620293,0.07997995161944584,0.9999202489852905,nan
113,308.0,-0.006347656502233197,0.07979959370165328,0.99991774559021,nan
114,339.0,-0.006815592751081567,0.07961924386017186,0.9999148845672607,nan
115,271.0,-0.005635579967929516,0.07943888494094287,0.9999085664749146,nan
116,346.0,-0.006986952686835963,0.07925851885442223,0.9999068975448608,nan
117,319.0,-0.006382893247664282,0.07907814750684587,0.9999088048934937,nan
118,216.0,-0.0043174344850213904,0.07889779161089643,0.9999089241027832,nan
119,340.0,-0.0069466818570514625,0.0787174341675761,0.9999101161956787,nan
120,206.0,-0.00419108090378965,0.07853707707027946,0.9999120235443115,283.0
121,301.0,-0.006123861137893982,0.07835672220806253,0.9999048709869385,nan
122,252.0,-0.005106608593147636,0.07817635282691583,0.9999051094055176,nan
123,287.0,-0.005798969485019285,0.07799598953182604,0.9999018907546997,nan
124,282.0,-0.00565592513885349,0.07781563419865047,0.9998962879180908,nan
125,306.0,-0.006161405316064346,0.07763527018909552,0.9998948574066162,nan
126,278.0,-0.005737305058573838,0.07745491796576105,0.9998908042907715,nan
127,215.0,-0.004313151355745504,0.07727454254365237,0.9998952150344849,nan
128,271.0,-0.005496939700624915,0.07709418279998,0.9998854398727417,nan
129,285.0,-0.005716960121693167,0.07691382225029988,0.9998879432678223,nan
130,326.0,-0.006664787940008892,0.0767334628722385,0.9998942613601685,283.0
131,295.0,-0.005981445736930861,0.07655310663877107,0.9998924732208252,nan
132,441.0,-0.008758860727839326,0.0763727373095075,0.9998836517333984,nan
133,323.0,-0.006612142329686321,0.07619239330838441,0.9998881816864014,nan
134,224.0,-0.004631121292441469,0.07601202209718365,0.9998923540115356,nan
135,261.0,-0.0052897137381175225,0.07583166204730646,0.99988853931427,nan
136,274.0,-0.0055541996625834145,0.07565129707129498,0.9998879432678223,nan
137,353.0,-0.007161458774741429,0.07547094723619255,0.9998812675476074,nan
138,157.0,-0.0032755535175965633,0.07529057858012918,0.9998847246170044,nan
139,328.0,-0.006463434753613067,0.07511022911101112,0.9998807907104492,nan
140,393.0,-0.007993718678822991,0.07492986502909012,0.9998759031295776,283.0
141,294.0,-0.005962171738869266,0.07474950633864468,0.9998786449432373,nan
142,332.0,-0.0067654647072297085,0.07456913730957884,0.9998745918273926,nan
143,305.0,-0.006229441110534887,0.07438877785006995,0.9998714923858643,nan
144,315.0,-0.0063627578735774015,0.07420841230585405,0.9998756647109985,nan
145,283.0,-0.005716960396966897,0.07402806048885904,0.9998723268508911,nan
146,296.0,-0.006022136161239662,0.07384768921384119,0.9998784065246582,nan
147,238.0,-0.004832474416429081,0.07366733588899488,0.9998764991760254,nan
148,226.0,-0.004435222030830725,0.07348696749061023,0.9998753070831299,nan
149,206.0,-0.004353841514481853,0.07330662124432695,0.9998695850372314,nan
150,272.0,-0.005513509807011967,0.07312624685315526,0.9998663663864136,283.0
151,347.0,-0.007059733771408598,0.07294589888068526,0.9998699426651001,nan
152,282.0,-0.005778834379767788,0.07276552727714998,0.9998695850372314,nan
153,364.0,-0.007222494083786539,0.07258516903161324,0.9998645782470703,nan
154,272.0,-0.005617751941545722,0.07240480899567872,0.9998718500137329,nan
155,253.0,-0.005147298502076107,0.07222444940707175,0.9998701810836792,nan
156,232.0,-0.004740397576824762,0.0720440924979421,0.9998699426651001,nan
157,315.0,-0.006241946517173009,0.07186372336117379,0.9998689889907837,nan
158,304.0,-0.006286622117234704,0.07168336143728975,0.9998666048049927,nan
159,326.0,-0.006612142499458666,0.07150300894145918,0.9998656511306763,nan
160,252.0,-0.005086263561679516,0.07132265107846271,0.9998694658279419,283.0
161,264.0,-0.005376128117390668,0.07114229018093828,0.9998612403869629,nan
162,271.0,-0.005472820053303924,0.07096192857569111,0.9998496770858765,nan
163,294.0,-0.00594075585831888,0.07078156858364862,0.9998550415039062,nan
164,242.0,-0.005004883983929176,0.07060119568717678,0.9998570680618286,nan
165,288.0,-0.005698292866618056,0.0704208459035895,0.9998559951782227,nan
166,251.0,-0.005167643954337109,0.07024048791363431,0.9998524188995361,nan
167,259.0,-0.0052490237236876664,0.07006012414327616,0.9998540878295898,nan
168,264.0,-0.005355992755305367,0.0698797570123743,0.9998505115509033,nan
169,371.0,-0.00750732482750512,0.06969940555226471,0.999848484992981,nan
170,291.0,-0.00579896969984756,0.06951903889218375,0.9998555183410645,283.0
171,340.0,-0.007039388442838875,0.06933867609401671,0.9998528957366943,nan
172,270.0,-0.005416398851162533,0.06915831955271538,0.9998493194580078,nan
173,320.0,-0.006510417234191361,0.06897795521125688,0.9998486042022705,nan
174,183.0,-0.0036847619747877427,0.06879760198347573,0.999852180480957,nan
175,217.0,-0.0043945316671549035,0.06861722952588038,0.9998453855514526,nan
176,265.0,-0.005391439966236551,0.06843687309898062,0.9998347759246826,nan
177,278.0,-0.005655925330453708,0.0682565187918619,0.999842643737793,nan
178,305.0,-0.0062052421950890375,0.06807615285901088,0.9998397827148438,nan
179,260.0,-0.005289714184376256,0.06789579409550223,0.9998487234115601,nan
180,275.0,-0.00557454464675781,0.06771542882846204,0.9998518228530884,283.0
181,270.0,-0.005468750906814086,0.06753507575349142,0.9998538494110107,nan
182,306.0,-0.006347656650177669,0.0673547052115267,0.9998569488525391,nan
183,252.0,-0.005053963408968651,0.06717435194309603,0.999843955039978,nan
184,289.0,-0.00587972088639314,0.06699398644734439,0.9998400211334229,nan
185,241.0,-0.004923503229899022,0.06681362734927564,0.9998430013656616,nan
186,234.0,-0.004740397901817535,0.06663326132163218,0.9998272061347961,nan
187,206.0,-0.004211426251761925,0.06645290688927982,0.9998236298561096,nan
188,245.0,-0.004954770660812133,0.06627255079671465,0.9998151659965515,nan
189,252.0,-0.005249024177222357,0.06609217995322447,0.9998121857643127,nan
190,222.0,-0.004455567342423213,0.06591182857664254,0.9998089671134949,283.3333333333333
191,296.0,-0.005899647178762045,0.06573146784705192,0.9997966885566711,nan
192,266.0,-0.005513509759718242,0.06555110053835655,0.9998028874397278,nan
193,271.0,-0.0054365346501053305,0.06537074500260805,0.9998101592063904,nan
194,266.0,-0.005448191436497789,0.06519038832714244,0.9998101592063904,nan
195,214.0,-0.004292807202242936,0.06501001776372387,0.999805748462677,nan
196,288.0,-0.005900066176157755,0.06482965164167565,0.9998038411140442,nan
197,285.0,-0.005737305626098532,0.06464929269701575,0.9998145699501038,nan
198,304.0,-0.006144206454337109,0.06446894365799678,0.9998045563697815,nan
199,275.0,-0.0056580230257637105,0.06428857658985503,0.9998039603233337,nan
200,268.0,-0.005391440482829542,0.06410820974770974,0.9998151659965515,283.3333333333333
201,342.0,-0.0069376636553594535,0.06392786120670757,0.9998125433921814,nan
202,394.0,-0.008056641789153218,0.0637474880676101,0.9998230338096619,nan
203,215.0,-0.0043693627686883065,0.06356713887260783,0.9998227953910828,nan
204,335.0,-0.006734213306723784,0.06338677096419937,0.9998204112052917,nan
205,295.0,-0.006040594247697862,0.06320641754057522,0.9998130202293396,nan
206,344.0,-0.006937664179228402,0.06302605134127719,0.999817430973053,nan
207,256.0,-0.005289714434184134,0.06284569039221863,0.9998131394386292,nan
208,261.0,-0.0051879891664915094,0.06266533759827454,0.9998117089271545,nan
209,251.0,-0.005134504944921385,0.062484966060636506,0.9997984766960144,nan
210,252.0,-0.0052083340075720725,0.062304608634213846,0.9997945427894592,283.3333333333333
211,353.0,-0.007039389221366339,0.06212425338650411,0.9998000264167786,nan
212,249.0,-0.005139803229586074,0.06194388854825868,0.9998047947883606,nan
213,424.0,-0.008557507967499574,0.06176353196455328,0.9997988343238831,nan
214,241.0,-0.004903158330610798,0.061583171934410486,0.9998031258583069,nan
215,259.0,-0.005255316772987855,0.06140281155944576,0.9997878670692444,nan
216,204.0,-0.004150391806130453,0.06122243933564423,0.9997919201850891,nan
217,256.0,-0.005283718046389128,0.06104208758255532,0.9998075366020203,nan
218,245.0,-0.004913016503254317,0.06086173022423274,0.9998087286949158,nan
219,292.0,-0.005859376108370877,0.06068135598699899,0.9998080134391785,nan
220,258.0,-0.0052754517630241885,0.06050099703348357,0.9998065829277039,283.3333333333333
221,194.0,-0.003967928491826905,0.06032064202814853,0.9998076558113098,nan
222,311.0,-0.00628221746457299,0.06014027979790448,0.9998083710670471,nan
223,312.0,-0.006388348333227138,0.0599599136275833,0.9998194575309753,nan
224,255.0,-0.005098685181062473,0.059779561044843436,0.9998062252998352,nan
225,293.0,-0.006000323247490931,0.05959919676685319,0.999800980091095,nan
226,268.0,-0.005330404577155908,0.05941883834454788,0.9997969269752502,nan
227,349.0,-0.0071279005862810866,0.059238474899753445,0.9997881054878235,nan
228,332.0,-0.0067952487006550655,0.059058109796764874,0.9997938275337219,nan
229,301.0,-0.006083172030533508,0.05887776042724591,0.9997907280921936,nan
230,281.0,-0.005716960855352227,0.05869738802238394,0.9997976422309875,283.3333333333333
231,271.0,-0.005476804889412117,0.05851703802830025,0.9997941851615906,nan
232,313.0,-0.006205242658325005,0.0583366719133555,0.9997767806053162,nan
233,362.0,-0.007429931941682223,0.05815630711354549,0.9997772574424744,nan
234,422.0,-0.008537373433523263,0.057975947059655086,0.999762237071991,nan
235,278.0,-0.005594891001237556,0.057795595171710054,0.9997556805610657,nan
236,289.0,-0.005839240433619425,0.05761522738579227,0.9997597336769104,nan
237,340.0,-0.006785600498971558,0.0574348747451919,0.9997684359550476,nan
238,363.0,-0.00738966019017641,0.05725451333596689,0.9997822642326355,nan
239,310.0,-0.006306968037582313,0.05707414679209048,0.9997867941856384,nan
240,288.0,-0.005879721175006125,0.056893792300795616,0.9997867941856384,283.3333333333333
241,277.0,-0.0055745453501003794,0.056713426301321,0.9997954964637756,nan
242,234.0,-0.004760742696817033,0.05653306600102481,0.9997923970222473,nan
243,295.0,-0.006022136379518391,0.0563527015525929,0.9997808337211609,nan
244,361.0,-0.007181805468765863,0.0561723500540638,0.9997780919075012,nan
245,302.0,-0.006282217534182151,0.055991988371056144,0.9997807145118713,nan
246,367.0,-0.007446291099768132,0.0558116203143146,0.9997848868370056,nan
247,251.0,-0.005106609096401371,0.05563126294605353,0.9997871518135071,nan
248,239.0,-0.004781088064191863,0.055450906703257696,0.999795138835907,nan
249,247.0,-0.005004884044562156,0.05527054218262351,0.9998051524162292,nan
250,338.0,-0.007039389248044851,0.05509018640948634,0.999811589717865,283.3333333333333
251,234.0,-0.004679362752843493,0.05490981695007551,0.9998107552528381,nan
252,368.0,-0.0074462907820513164,0.05472946389605403,0.9998301267623901,nan
253,357.0,-0.007148035696333216,0.0545490919546965,0.9998314380645752,nan
254,377.0,-0.007691689373291645,0.05436873114896924,0.9998284578323364,nan
255,312.0,-0.006266276497626677,0.0541883723862414,0.9998242259025574,nan
256,326.0,-0.006664788768117882,0.054008019609233175,0.9998295307159424,nan
257,327.0,-0.0066121434841382625,0.05382765108033707,0.9998371601104736,nan
258,274.0,-0.005597617049922341,0.053647296554568236,0.9998461008071899,nan
259,331.0,-0.0066935231516254134,0.05346693443931966,0.999852180480957,nan
260,354.0,-0.007161458571014616,0.05328656888130535,0.9998527765274048,283.0
261,202.0,-0.004087469192490596,0.05310621667489967,0.9998378753662109,nan
262,166.0,-0.003392270065255855,0.05292585657296514,0.9998408555984497,nan
263,295.0,-0.006062827104566774,0.05274549280925361,0.9998403787612915,nan
264,265.0,-0.0052286794646837125,0.05256512960324168,0.9998428821563721,nan
265,372.0,-0.007591013710216149,0.05238477115998258,0.9998384714126587,nan
266,283.0,-0.005757650862506125,0.052204409223456705,0.9998327493667603,nan
267,344.0,-0.007019044460321311,0.052024048098426756,0.9998420476913452,nan
268,176.0,-0.003560384691809304,0.05184369207477953,0.9998470544815063,nan
269,252.0,-0.005086264468748898,0.05166332079237618,0.9998579025268555,nan
270,246.0,-0.004984538618979665,0.0514829633178823,0.999859094619751,283.0
271,245.0,-0.004953287011396485,0.051302599432628625,0.9998667240142822,nan
272,219.0,-0.004455567124144484,0.0511222458119231,0.9998676776885986,nan
273,299.0,-0.006123861402253776,0.05094188250692125,0.9998667240142822,nan
274,235.0,-0.004740397654434976,0.050761526204418,0.9998607635498047,nan
275,228.0,-0.00469970752116448,0.05058115722472683,0.9998559951782227,nan
276,359.0,-0.007208442325060515,0.050400804281940624,0.9998477697372437,nan
277,241.0,-0.0049753299277079735,0.05022043586235713,0.9998538494110107,nan
278,210.0,-0.004208280539293725,0.050040080604181914,0.9998488426208496,nan
279,293.0,-0.005961101921760322,0.049859719234967716,0.9998376369476318,nan
280,215.0,-0.004374186559289228,0.04967935649835042,0.999839186668396,283.0
281,201.0,-0.004067333057503572,0.049498997120891,0.9998394250869751,nan
282,379.0,-0.007751466199503436,0.04931863405340979,0.9998431205749512,nan
283,189.0,-0.00382487011665944,0.04913827211675919,0.9998440742492676,nan
284,356.0,-0.007080079092702363,0.04895791611414832,0.9998466968536377,nan
285,342.0,-0.007047359209949362,0.04877755920147372,0.9998445510864258,nan
286,197.0,-0.003967286121527043,0.048597194688599896,0.9998400211334229,nan
287,242.0,-0.004913016728884012,0.04841683912610683,0.9998328685760498,nan
288,199.0,-0.003926386468630937,0.04823647437271254,0.9998179078102112,nan
289,285.0,-0.005778835971177239,0.04805611698491047,0.9998112320899963,nan
290,249.0,-0.0051192450802773235,0.04787574908492327,0.9998123049736023,283.3333333333333
291,253.0,-0.005187989219848532,0.04769538723431721,0.9998142123222351,nan
292,227.0,-0.004638673114338114,0.04751502514643349,0.9998207688331604,nan
293,208.0,-0.004127739064549048,0.04733466797257652,0.9998282194137573,nan
294,314.0,-0.006388347760851805,0.047154309601858874,0.9998356103897095,nan
295,250.0,-0.0050659187011963995,0.04697394407544192,0.9998373985290527,nan
296,350.0,-0.007120769611598614,0.04679358789922734,0.9998389482498169,nan
297,253.0,-0.005167644201719668,0.04661322404631549,0.9998325109481812,nan
298,291.0,-0.005859377503529498,0.04643286902453414,0.9998339414596558,nan
299,350.0,-0.0070800795874674805,0.04625250606643918,0.9998272061347961,nan
300,243.0,-0.005025229067541659,0.046072140696366747,0.9998288154602051,283.0
301,361.0,-0.007248712254726549,0.04589177841726265,0.999826967716217,nan
302,317.0,-0.006449383096575427,0.04571142471043054,0.999821126461029,nan
303,303.0,-0.006184896871369953,0.045531063324374774,0.9998157620429993,nan
304,233.0,-0.004671393886458167,0.045350699954350884,0.9997962117195129,nan
305,340.0,-0.006785600943030002,0.04517034027319183,0.9997866749763489,nan
306,333.0,-0.0067342141580108246,0.04498997920459228,0.9997935891151428,nan
307,212.0,-0.004389498954081966,0.04480962250473385,0.9997960925102234,nan
308,272.0,-0.005472820574747554,0.044629254625667594,0.9997978806495667,nan
309,273.0,-0.005513510569774856,0.04444890272970455,0.9997894167900085,nan
310,275.0,-0.005635580615489744,0.044268540839126395,0.9998018145561218,283.3333333333333
311,237.0,-0.004760743887648762,0.044088175002451845,0.9997983574867249,nan
312,314.0,-0.006503707239615549,0.04390781124380334,0.9997996687889099,nan
313,288.0,-0.005798341134019817,0.04372745556260509,0.9997912049293518,nan
314,336.0,-0.0067251956560793,0.04354709316840736,0.9997755885124207,nan
315,318.0,-0.0064634356609324815,0.04336673026832699,0.9997689127922058,nan
316,268.0,-0.005386514076963067,0.04318637304385143,0.9997628331184387,nan
317,273.0,-0.005577483312850914,0.043006007143654164,0.9997633099555969,nan
318,326.0,-0.006558389572034541,0.04282564916543394,0.9997586607933044,nan
319,262.0,-0.005310060264794932,0.04264529517341793,0.9997722506523132,nan
320,293.0,-0.006000323674747164,0.04246493125246227,0.9997716546058655,283.3333333333333
321,326.0,-0.006612144330574665,0.04228457404842649,0.9997765421867371,nan
322,343.0,-0.007027224980813172,0.042104209892247196,0.9997772574424744,nan
323,260.0,-0.005283718864972654,0.04192384542172779,0.9997820258140564,nan
324,304.0,-0.006100999738675417,0.04174348724631499,0.9997778534889221,nan
325,348.0,-0.006978355328707646,0.041563122127890186,0.999798595905304,nan
326,278.0,-0.005698293231466075,0.04138276674250802,0.9998047947883606,nan
327,361.0,-0.0073091191042829115,0.04120240809448526,0.9997952580451965,nan
328,210.0,-0.0042317718180129305,0.04102204328270112,0.9997977614402771,nan
329,476.0,-0.009745282610917153,0.04084167928519896,0.9997922778129578,nan
330,237.0,-0.004740398546952444,0.04066132304936154,0.9997900128364563,283.3333333333333
331,202.0,-0.0041300464266290264,0.04048096218867874,0.9997956156730652,nan
332,245.0,-0.004984539807386075,0.0403006038459921,0.9997947812080383,nan
333,292.0,-0.005899646866720976,0.04012023600141649,0.9997887015342712,nan
334,270.0,-0.005456671260354906,0.03993987551396987,0.9997854828834534,nan
335,244.0,-0.00494384921087961,0.039759520079075385,0.9997919201850891,nan
336,234.0,-0.0047607432716176845,0.039579158094535556,0.9997982382774353,nan
337,184.0,-0.003702801140510322,0.03939879705530001,0.9998002648353577,nan
338,304.0,-0.006225586910053001,0.039218435071778274,0.9997904896736145,nan
339,280.0,-0.0056762716970600495,0.03903807969918069,0.9997828602790833,nan
340,329.0,-0.006591800702153705,0.03885771992882792,0.9997689127922058,283.3333333333333
341,250.0,-0.005249024604078538,0.038677354281875624,0.9997783303260803,nan
342,360.0,-0.00712790117195817,0.03849699059381132,0.9997767806053162,nan
343,223.0,-0.004570716555163111,0.038316636663540994,0.9997711777687073,nan
344,269.0,-0.005472821430885233,0.038136272975686634,0.9997809529304504,nan
345,240.0,-0.004862469286308624,0.03795590764144749,0.9997820258140564,nan
346,315.0,-0.006347658427936646,0.037775548733862026,0.999778687953949,nan
347,304.0,-0.006245933778700419,0.037595186360480315,0.9997748732566833,nan
348,267.0,-0.005416399796887003,0.0374148287743798,0.9997624754905701,nan
349,163.0,-0.003295901056844741,0.03723446643402983,0.9997612833976746,nan
350,310.0,-0.006262084169159692,0.037054107770275346,0.9997645020484924,283.3333333333333
351,272.0,-0.0053914404901054995,0.0368737435901893,0.999767005443573,nan
352,209.0,-0.004333498240157496,0.03669338250002327,0.999772846698761,nan
353,264.0,-0.005411787569755688,0.036513024358430395,0.9997588992118835,nan
354,216.0,-0.004394532879814506,0.03633266915322934,0.9997711777687073,nan
355,189.0,-0.003967929555495318,0.03615230838138329,0.9997640252113342,nan
356,214.0,-0.004272462319931947,0.03597194241611714,0.9997702240943909,nan
357,231.0,-0.00476074493296134,0.03579158029124687,0.9997636675834656,nan
358,285.0,-0.0057576511074633645,0.0356112225047402,0.9997662901878357,nan
359,274.0,-0.005554201282696643,0.035430861233034114,0.9997686743736267,nan
360,320.0,-0.0064835728808623,0.03525049735408428,0.9997678399085999,283.3333333333333
361,172.0,-0.00353618590896459,0.035070140231638604,0.9997616410255432,nan
362,263.0,-0.005275453364034903,0.03488978254438314,0.9997829794883728,nan
363,231.0,-0.004699709393510905,0.03470941726594437,0.9997851252555847,nan
364,427.0,-0.008597779855823395,0.034529054128864464,0.9997851252555847,nan
365,334.0,-0.006713869406667072,0.034348694625701864,0.9997989535331726,nan
366,310.0,-0.006282219142393814,0.034168340369609175,0.9997943043708801,nan
367,245.0,-0.005025229176681023,0.03398797688678701,0.9997995495796204,nan
368,362.0,-0.007288984066240259,0.033807614347485894,0.9997920393943787,nan
369,300.0,-0.006042481856032585,0.033627254850686294,0.99980229139328,nan
370,329.0,-0.006795249423400189,0.033446892638238856,0.9997931122779846,283.3333333333333
371,258.0,-0.0051676455065414,0.03326653017170386,0.9997994303703308,nan
372,320.0,-0.006463437703601325,0.03308617002808063,0.9998196959495544,nan
373,335.0,-0.00677490399054174,0.032905814898883314,0.9998217225074768,nan
374,253.0,-0.005269369741048043,0.03272545198448328,0.9998224377632141,nan
375,346.0,-0.0068057379469313875,0.03254509221992864,0.9998206496238708,nan
376,289.0,-0.005920411570211097,0.03236473104717088,0.9998185038566589,nan
377,271.0,-0.00553721122770119,0.03218437186412422,0.9998149275779724,nan
378,260.0,-0.0052426007233167945,0.032004010547925434,0.9998236298561096,nan
379,249.0,-0.00512695470873344,0.03182365084358365,0.9998165965080261,nan
380,240.0,-0.0049438494388596155,0.031643289059198054,0.9998142123222351,283.3333333333333
381,316.0,-0.006282219017577386,0.031462929282554085,0.9998182654380798,nan
382,292.0,-0.005920411453795775,0.03128256824829638,0.9998119473457336,nan
383,232.0,-0.0048014349667937495,0.03110220296712451,0.9998236298561096,nan
384,266.0,-0.005315723058469978,0.03092184546929463,0.9998282194137573,nan
385,288.0,-0.00583903234655736,0.03074148572669222,0.9998365640640259,nan
386,312.0,-0.006322488719213409,0.0305611214419716,0.9998464584350586,nan
387,280.0,-0.005635580123149945,0.030380765075620594,0.9998461008071899,nan
388,259.0,-0.005275452739952766,0.030200400212627692,0.9998527765274048,nan
389,300.0,-0.0060831718777383985,0.03002003967986534,0.9998589754104614,nan
390,367.0,-0.007524673155459918,0.029839681998696795,0.9998533725738525,283.0
391,421.0,-0.008436696443073068,0.029659318884929255,0.9998611211776733,nan
392,271.0,-0.005513510431531661,0.02947895654738806,0.9998527765274048,nan
393,321.0,-0.006543977927781411,0.029298594300450124,0.9998385906219482,nan
394,256.0,-0.0051143691495790615,0.029118238662209854,0.999842643737793,nan
395,358.0,-0.007283531029922112,0.028937875540628766,0.9998431205749512,nan
396,267.0,-0.005310060242967059,0.028757512014937047,0.9998408555984497,nan
397,199.0,-0.004170736831535275,0.02857715524902575,0.9998437166213989,nan
398,268.0,-0.00543653470291228,0.028396792178825254,0.9998452663421631,nan
399,210.0,-0.004252116916177329,0.02821643051955904,0.9998396635055542,nan
400,404.0,-0.008076988628696805,0.028036071381702853,0.9998466968536377,283.0
401,238.0,-0.004933152318999325,0.02785570948420806,0.9998433589935303,nan
402,180.0,-0.003721218149324781,0.027675353162630652,0.9998477697372437,nan
403,311.0,-0.00626208365309177,0.027494991160658188,0.9998396635055542,nan
404,234.0,-0.004740398311696481,0.027314632347093873,0.9998353719711304,nan
405,267.0,-0.0054566700361937896,0.027134266252974507,0.9998438358306885,nan
406,331.0,-0.006604383082714738,0.02695390869874839,0.9998408555984497,nan
407,286.0,-0.005757650294981431,0.026773549865674248,0.9998389482498169,nan
408,294.0,-0.006001791824625495,0.026593186855254844,0.999839186668396,nan
409,294.0,-0.005961102004221175,0.026412823472032665,0.9998316764831543,nan
410,330.0,-0.006673179334029555,0.02623246375201498,0.999829888343811,283.0
411,276.0,-0.005658024372340939,0.02605210574904817,0.9998189806938171,nan
412,353.0,-0.007127903512266186,0.025871741747437782,0.9998192191123962,nan
413,275.0,-0.005612665287366039,0.02569138297571519,0.9998169541358948,nan
414,252.0,-0.005094234471583797,0.025511022465286647,0.9998236298561096,nan
415,320.0,-0.006408695733019461,0.0253306598500618,0.9998142123222351,nan
416,290.0,-0.0060221381184722604,0.025150301148780703,0.9998020529747009,nan
417,255.0,-0.005215047162563838,0.024969940687371874,0.9998059868812561,nan
418,170.0,-0.0032755550297830873,0.024789579257032006,0.999804675579071,nan
419,176.0,-0.00368010161052409,0.024609218029020483,0.9997958540916443,nan
420,360.0,-0.007288984224661109,0.024428858551669888,0.9997978806495667,283.3333333333333
421,394.0,-0.007812505091388464,0.024248496966016247,0.9997820258140564,nan
422,232.0,-0.004699709551156654,0.024068135694218395,0.9997785687446594,nan
423,271.0,-0.005476806401611143,0.0238877775259975,0.9997944235801697,nan
424,250.0,-0.005126958176939904,0.023707414310697707,0.9998014569282532,nan
425,232.0,-0.004699709543880696,0.023527055430269325,0.9997987151145935,nan
426,271.0,-0.00553385784830122,0.023346693752963575,0.99979168176651,nan
427,274.0,-0.005554201467020903,0.0231663338910924,0.9997887015342712,nan
428,230.0,-0.004659019546428074,0.02298596984608706,0.9997878670692444,nan
429,168.0,-0.0034586614322809814,0.022805612621003245,0.9997978806495667,nan
430,295.0,-0.0058186889994734274,0.022625251811501334,0.9998134970664978,283.3333333333333
431,321.0,-0.006604383970831626,0.022444888569376965,0.9997977614402771,nan
432,300.0,-0.006020460556232438,0.02226452985996825,0.9998000264167786,nan
433,323.0,-0.006510418340136918,0.022084167181603272,0.9998034834861755,nan
434,224.0,-0.004618331212744427,0.02190380853968154,0.9998088479042053,nan
435,302.0,-0.006121135556820742,0.021723446721276126,0.9998124241828918,nan
436,194.0,-0.003906252827922192,0.021543085616618596,0.9998012185096741,nan
437,163.0,-0.003351152717675033,0.021362724504214458,0.999804675579071,nan
438,290.0,-0.005839242772727283,0.021182363310889286,0.9998148083686829,nan
439,309.0,-0.006327315063875479,0.021002002606380573,0.9998131394386292,nan
440,244.0,-0.0049031621747417375,0.0208216435977439,0.9998131394386292,283.3333333333333
441,331.0,-0.006705060462016113,0.020641283202300072,0.9998067021369934,nan
442,310.0,-0.006241949913620027,0.020460924013179477,0.9998071789741516,nan
443,270.0,-0.005452478716809613,0.020280559572326173,0.9998015761375427,nan
444,306.0,-0.00624593496225619,0.020100198755396394,0.9998032450675964,nan
445,341.0,-0.006906416636805252,0.01991984137378585,0.9998018145561218,nan
446,275.0,-0.005533857106153543,0.01973947859775018,0.9997931122779846,nan
447,351.0,-0.007067496038627686,0.019559116695559334,0.9997819066047668,nan
448,290.0,-0.005919788210393535,0.01937875790004448,0.9997829794883728,nan
449,233.0,-0.004659020497153203,0.019198396038666472,0.9997707009315491,nan
450,343.0,-0.00694668693371962,0.019018035092567706,0.9997549653053284,283.3333333333333
451,278.0,-0.005615237746193695,0.018837675284527608,0.9997544884681702,nan
452,248.0,-0.005033831846583443,0.018657313285376547,0.9997541308403015,nan
453,230.0,-0.004666945808812191,0.018476955635824265,0.99974125623703,nan
454,310.0,-0.006302356969603558,0.018296592133686382,0.9997420907020569,nan
455,228.0,-0.004679366514513579,0.018116235557489927,0.9997349381446838,nan
456,259.0,-0.0052286844050589325,0.017935869266474225,0.9997333884239197,nan
457,253.0,-0.005094236324627682,0.017755512193868974,0.9997426867485046,nan
458,314.0,-0.006347661362572883,0.017575150072111297,0.9997572302818298,nan
459,231.0,-0.004679364724628006,0.017394786908496253,0.9997493624687195,nan
460,284.0,-0.0058390344444584725,0.017214427696426286,0.9997484087944031,283.3333333333333
461,234.0,-0.00474040078309675,0.017034070280679273,0.9997430443763733,nan
462,345.0,-0.006825875620520914,0.01685370577464326,0.9997550845146179,nan
463,245.0,-0.005094238542519587,0.016673342828422304,0.9997519850730896,nan
464,274.0,-0.005513514469688137,0.016492983161501325,0.999736487865448,nan
465,246.0,-0.005004890913066144,0.016312621978254966,0.9997385144233704,nan
466,252.0,-0.005053968831282301,0.01613226376773422,0.9997363686561584,nan
467,241.0,-0.005004888288870764,0.015951906644907903,0.9997175335884094,nan
468,404.0,-0.008033993121082942,0.015771542764129294,0.999708354473114,nan
469,391.0,-0.007953456747009582,0.015591181035218659,0.9996942281723022,nan
470,234.0,-0.004740403125955102,0.015410824199975675,0.9997032284736633,283.3333333333333
471,309.0,-0.006205249820292617,0.015230461980795881,0.9996857643127441,nan
472,342.0,-0.007039396490047996,0.015050100626641055,0.9996706247329712,nan
473,228.0,-0.004610991110237911,0.014869740760880726,0.999678373336792,nan
474,267.0,-0.0054321365217523026,0.014689377789499771,0.9996976852416992,nan
475,351.0,-0.007027231396857611,0.014509016145112756,0.9996902942657471,nan
476,321.0,-0.006510421182611026,0.014328655168062178,0.9996939897537231,nan
477,394.0,-0.007993730802818672,0.014148296257641434,0.999708354473114,nan
478,291.0,-0.005859380712751875,0.01396793618515361,0.9997124075889587,nan
479,365.0,-0.007425951727782376,0.013787574070471853,0.9996957778930664,nan
480,284.0,-0.005818264201087387,0.013607211352700821,0.9997027516365051,283.3333333333333
481,367.0,-0.007446299782410885,0.01342685175928023,0.999710738658905,nan
482,301.0,-0.006123866138902183,0.013246494957011877,0.9997097849845886,nan
483,259.0,-0.005167650771909393,0.01306613071732451,0.9997071623802185,nan
484,246.0,-0.005167651902108143,0.012885770462151046,0.9997079968452454,nan
485,260.0,-0.005215053148951727,0.012705409585162957,0.9997009038925171,nan
486,300.0,-0.006167774392586005,0.01252505259102257,0.9997017979621887,nan
487,204.0,-0.004107613284524875,0.012344689076988168,0.9996981620788574,nan
488,285.0,-0.005777144858515576,0.01216432978012658,0.9997172951698303,nan
489,271.0,-0.005537215812304585,0.01198396523852445,0.9997144341468811,nan
490,265.0,-0.005345402153110818,0.011803606859307841,0.9997114539146423,283.3333333333333
491,341.0,-0.00690641931075718,0.011623246777902219,0.9997199177742004,nan
492,217.0,-0.004414885110842685,0.011442886802770145,0.9997043013572693,nan
493,254.0,-0.00515464723071794,0.011262527183727162,0.9996984004974365,nan
494,327.0,-0.006673185242107138,0.011082161692774473,0.999708354473114,nan
495,268.0,-0.005376134403818047,0.010901804407039816,0.9996885061264038,nan
496,279.0,-0.00569662307195055,0.010721442333717761,0.9996762275695801,nan
497,291.0,-0.005900077298671628,0.010541083149034042,0.9996585845947266,nan
498,288.0,-0.005879732532775961,0.010360719241659969,0.9996562004089355,nan
499,235.0,-0.00474040752548414,0.010180358469259482,0.9996470212936401,nan
500,272.0,-0.005574561582761817,0.009999999360491285,0.9996398687362671,283.3333333333333
